source_path,target_path,action,sha1
eng/.gitbook/assets/ghalii--9th 2.png,site-images/ghalii/eng/9th 2.png,created,4e6683dddfe1c203a17fe89a4166018a427e3e11
eng/.gitbook/assets/ghalii--9th 3.png,site-images/ghalii/eng/9th 3.png,created,d0f8dd8fd5ba79e32bea8d47e579545d4348d982
eng/.gitbook/assets/ghalii--IMG_0226.jpg,site-images/ghalii/eng/IMG_0226.jpg,created,7f23494c2e4010abf8530a58b3e69b09e23c8f84
eng/.gitbook/assets/ghalii--IMG_0227.jpg,site-images/ghalii/eng/IMG_0227.jpg,created,4ffd76ac2bcb1bc087ea890fef98d7030b0e2303
eng/.gitbook/assets/ghalii--IMG_0228.jpg,site-images/ghalii/eng/IMG_0228.jpg,created,d140f40648bf9312ff08695d0ad24141e7de06b2
eng/.gitbook/assets/ghalii--IMG_0235 2 (2).jpg,site-images/ghalii/eng/IMG_0235 2 (2).jpg,created,018d052395d0e3ed063367ddfd54e1412fe4ed2f
eng/.gitbook/assets/ghalii--IMG_0236 3.jpg,site-images/ghalii/eng/IMG_0236 3.jpg,created,9a6978f2b2f4c780f2212c0762575b2d896ec309
eng/.gitbook/assets/ghalii--IMG_0237 2.jpg,site-images/ghalii/eng/IMG_0237 2.jpg,created,e5876c904b95190879401a4fe0157faee8d7ce9d
eng/.gitbook/assets/ghalii--LL alerts.png,site-images/ghalii/eng/LL alerts.png,created,9b71e7e7c0a4119537b8ba2e5877d63d81560a87
eng/.gitbook/assets/ghalii--Law Lib 10.png,site-images/ghalii/eng/Law Lib 10.png,created,98f99f48daa28d20ec14f2085d551068211be356
eng/.gitbook/assets/ghalii--Law Lib 7.png,site-images/ghalii/eng/Law Lib 7.png,created,4963cfff51cd365115f3cb3cfd7e3a26edeff6f5
eng/.gitbook/assets/ghalii--Law Lib 8.png,site-images/ghalii/eng/Law Lib 8.png,created,349e4c126a7a9a21340827463f4f217f4ec27d63
eng/.gitbook/assets/ghalii--Law Lib 9.png,site-images/ghalii/eng/Law Lib 9.png,created,abc50793cebcd7112fa6a2a24ef75839b82fe9dd
eng/.gitbook/assets/ghalii--Law lib 1 (1).png,site-images/ghalii/eng/Law lib 1 (1).png,created,944cf22d79ad5a8efb0ea1ba2dc1050232835f61
eng/.gitbook/assets/ghalii--Law lib 1.png,site-images/ghalii/eng/Law lib 1.png,created,92dc8c2f1fa790764e9862069268794883448458
eng/.gitbook/assets/ghalii--Law lib 2 (1).png,site-images/ghalii/eng/Law lib 2 (1).png,created,d4e4192b64346981b7fede49e041fd4351b2c268
eng/.gitbook/assets/ghalii--Law lib 3 (1).png,site-images/ghalii/eng/Law lib 3 (1).png,created,30bee23c0fc2023a2bbb23329778702db7e73468
eng/.gitbook/assets/ghalii--Law lib 4.png,site-images/ghalii/eng/Law lib 4.png,created,8383c3e670c1fa146799ef302e551d3a6780f01a
eng/.gitbook/assets/ghalii--Law lib 5.png,site-images/ghalii/eng/Law lib 5.png,created,e2154fe1ae1d124a2a90a4e0e7c6fbb33fe2bf67
eng/.gitbook/assets/ghalii--Law lib 6.png,site-images/ghalii/eng/Law lib 6.png,created,8d212a6f1e9ea0a54cfbf842d3d821e239f2fc16
eng/.gitbook/assets/ghalii--Save doc 1.png,site-images/ghalii/eng/Save doc 1.png,created,bdab90cc1aa59b1a860a5a96e531af6670cfcdeb
eng/.gitbook/assets/ghalii--TOC.png,site-images/ghalii/eng/TOC.png,created,16e6df09ee0c7e78a7c7a2d678dc327e6b2bcbbb
eng/.gitbook/assets/ghalii--Updates Pocket Law.png,site-images/ghalii/eng/Updates Pocket Law.png,created,3629cac662b74092a58d736de73fcc15478a0d55
eng/.gitbook/assets/ghalii--comments 1.png,site-images/ghalii/eng/comments 1.png,created,4cefbec213130c6ae785c82a984dd0967dc763ae
eng/.gitbook/assets/ghalii--comments 2.png,site-images/ghalii/eng/comments 2.png,created,b5af52ea42b8bf6d1e8ddc646a5997b8912c9cd9
eng/.gitbook/assets/ghalii--comments 3.png,site-images/ghalii/eng/comments 3.png,created,fea145850b9db6086d4ef661fa83f99a212f4284
eng/.gitbook/assets/ghalii--content packs.png,site-images/ghalii/eng/content packs.png,created,c09750463236f0c59e80b85612a285b72f0d4ac3
eng/.gitbook/assets/ghalii--judges.png,site-images/ghalii/eng/judges.png,created,ef2eda5e9e7aeb976a1a63eb7c3413453bd0c78a
eng/.gitbook/assets/ghalii--legislation 10.png,site-images/ghalii/eng/legislation 10.png,created,525e3422e11e37232c83517d5b4c0bab1b9c6138
eng/.gitbook/assets/ghalii--legislation 4.png,site-images/ghalii/eng/legislation 4.png,created,db5d1c92dbc23194ee79bc9e41e0ca692624f1a1
eng/.gitbook/assets/ghalii--legislation 5.png,site-images/ghalii/eng/legislation 5.png,created,99f2505bdc06bf55e151d36422bf0e85d1d2d377
eng/.gitbook/assets/ghalii--legislation 6.png,site-images/ghalii/eng/legislation 6.png,created,ec117fb95b63731e6b29a404f85cdc70cf66dff4
eng/.gitbook/assets/ghalii--legislation 7 (1).png,site-images/ghalii/eng/legislation 7 (1).png,created,346eb811cf1e1a30d65a49d57e3e85354704d886
eng/.gitbook/assets/ghalii--legislation 8.png,site-images/ghalii/eng/legislation 8.png,created,7db42aa2003e9661d2da1ab3bfc33d4023ad6709
eng/.gitbook/assets/ghalii--legislation 9.png,site-images/ghalii/eng/legislation 9.png,created,013c08350c72c9948d785ae0c6328b18ac6756ea
eng/.gitbook/assets/ghalii--save doc 2.png,site-images/ghalii/eng/save doc 2.png,created,7d066a838b8d840ed113875622493afb6744c328
eng/.gitbook/assets/ghalii--save doc 3.png,site-images/ghalii/eng/save doc 3.png,created,f3d2a8573e9a09d6ec72f593a57f3ee482a9389a
eng/.gitbook/assets/ghalii--save doc 4.png,site-images/ghalii/eng/save doc 4.png,created,84be9ac689123007c7d99c0084e0439d19674d9f
eng/.gitbook/assets/ghalii--tz 17.png,site-images/ghalii/eng/tz 17.png,created,947aa31b50b7778d4305ab7c33bf5e516da47928
eng/.gitbook/assets/ghalii--untitled.png,site-images/ghalii/eng/untitled.png,created,8cf341a6d2bb4668064154204e8d9a22ebd1f9e4
eng/.gitbook/assets/ghalii--year court.png,site-images/ghalii/eng/year court.png,created,bb30add0fe9382b95bf8ec18507ac8c5ccb24512
eng/.gitbook/assets/kenyalaw--9th 2.png,site-images/kenyalaw/eng/9th 2.png,created,bb18f128d14bb6236028e3421aa1b8f484bff3ee
eng/.gitbook/assets/kenyalaw--9th 3.png,site-images/kenyalaw/eng/9th 3.png,created,4a61685a1c94b217096d2f93657a84a847f814e1
eng/.gitbook/assets/kenyalaw--IMG_0226.jpg,site-images/kenyalaw/eng/IMG_0226.jpg,created,3cbc8af5f2c83d43c3abf7118b83becbf9dc9da5
eng/.gitbook/assets/kenyalaw--IMG_0227.jpg,site-images/kenyalaw/eng/IMG_0227.jpg,created,326e0d3676c04be5ac4bf318e3a0df3448f060ee
eng/.gitbook/assets/kenyalaw--IMG_0228.jpg,site-images/kenyalaw/eng/IMG_0228.jpg,created,1a8c7b312d2a04d06e345b714a5b14ceafcf6588
eng/.gitbook/assets/kenyalaw--IMG_0235 2 (2).jpg,site-images/kenyalaw/eng/IMG_0235 2 (2).jpg,created,99399478acb5995c0e0d4b84e628edf47912a98a
eng/.gitbook/assets/kenyalaw--IMG_0236 3.jpg,site-images/kenyalaw/eng/IMG_0236 3.jpg,created,6af226f5c2fa85fef1f16fcfbbcbea7be26656b5
eng/.gitbook/assets/kenyalaw--IMG_0237 2.jpg,site-images/kenyalaw/eng/IMG_0237 2.jpg,created,f8140f9b6b6b111b18a15da86bc6e4c86fdf8a1c
eng/.gitbook/assets/kenyalaw--LL alerts.png,site-images/kenyalaw/eng/LL alerts.png,created,4d5459a2e5ed4b3ff3866e1e7689da36aa7c35cc
eng/.gitbook/assets/kenyalaw--Law Lib 10.png,site-images/kenyalaw/eng/Law Lib 10.png,created,8bc9e596674410ae527f9cb25db6167624533c2d
eng/.gitbook/assets/kenyalaw--Law Lib 7.png,site-images/kenyalaw/eng/Law Lib 7.png,created,2de68e21e58a812ee7e8386569e42cf6ae3f9c97
eng/.gitbook/assets/kenyalaw--Law Lib 8.png,site-images/kenyalaw/eng/Law Lib 8.png,created,e20bb837cd2ec246e71a1f7f31bb1e48046f3e5d
eng/.gitbook/assets/kenyalaw--Law Lib 9.png,site-images/kenyalaw/eng/Law Lib 9.png,created,3e92bdc5046f16c474a1e9e905fad6b7b267839a
eng/.gitbook/assets/kenyalaw--Law lib 1 (1).png,site-images/kenyalaw/eng/Law lib 1 (1).png,created,7d73bfde000351dc43875005252e09fa58df1f3f
eng/.gitbook/assets/kenyalaw--Law lib 1.png,site-images/kenyalaw/eng/Law lib 1.png,created,72f78de6f8dc998a8e186e75b21b93477f480054
eng/.gitbook/assets/kenyalaw--Law lib 2 (1).png,site-images/kenyalaw/eng/Law lib 2 (1).png,created,5523ba039a5e7c6cace372f0178e713e0e845da6
eng/.gitbook/assets/kenyalaw--Law lib 3 (1).png,site-images/kenyalaw/eng/Law lib 3 (1).png,created,7dd22378860568e4f00078dbd34d012afc184a8f
eng/.gitbook/assets/kenyalaw--Law lib 4.png,site-images/kenyalaw/eng/Law lib 4.png,created,ee424c53a90feab05813349dcf91095ed9cd875a
eng/.gitbook/assets/kenyalaw--Law lib 5.png,site-images/kenyalaw/eng/Law lib 5.png,created,141d5d58f50c588d851873d3680f86b9951d8e50
eng/.gitbook/assets/kenyalaw--Law lib 6.png,site-images/kenyalaw/eng/Law lib 6.png,created,fae827506a44a9f168192ddad0c0d75ecb2683b6
eng/.gitbook/assets/kenyalaw--Save doc 1.png,site-images/kenyalaw/eng/Save doc 1.png,created,5eebed913073ae09a6de5dd3bb09f9be5f1c6867
eng/.gitbook/assets/kenyalaw--TOC.png,site-images/kenyalaw/eng/TOC.png,created,8a4afd2556a17c8d0a33c9e0ac274a3f673c0df5
eng/.gitbook/assets/kenyalaw--comments 1.png,site-images/kenyalaw/eng/comments 1.png,created,b28121dc7b96e3cdb76d402b1ea2eb2b634e75ed
eng/.gitbook/assets/kenyalaw--comments 2.png,site-images/kenyalaw/eng/comments 2.png,created,54fd569e17038fdab3edec5dcb17f6383ccc6a66
eng/.gitbook/assets/kenyalaw--comments 3.png,site-images/kenyalaw/eng/comments 3.png,created,9ab65f2ff594bcdb4bfca3ae4fecb87fb776a73a
eng/.gitbook/assets/kenyalaw--judges.png,site-images/kenyalaw/eng/judges.png,created,3eadb77f63d8fdc3681717bfbaffb1535b6701d8
eng/.gitbook/assets/kenyalaw--legislation 10.png,site-images/kenyalaw/eng/legislation 10.png,created,5e6b5372f196aa9e0242613bc736dfbecbff51cc
eng/.gitbook/assets/kenyalaw--legislation 4.png,site-images/kenyalaw/eng/legislation 4.png,created,86d16bcc5023e72812b36d0934561f04cc5c901e
eng/.gitbook/assets/kenyalaw--legislation 5.png,site-images/kenyalaw/eng/legislation 5.png,created,1eba1fcb78c5914ec5293dba28626266093066d0
eng/.gitbook/assets/kenyalaw--legislation 6.png,site-images/kenyalaw/eng/legislation 6.png,created,07182d4776dcc8d390cb437add9808a4acb99417
eng/.gitbook/assets/kenyalaw--legislation 7 (1).png,site-images/kenyalaw/eng/legislation 7 (1).png,created,d377ebfe578cdf5d8fef43abfe4a82cfbe34db34
eng/.gitbook/assets/kenyalaw--legislation 8.png,site-images/kenyalaw/eng/legislation 8.png,created,68d8799770ab4817075f213f1a3a9bad2f267fe8
eng/.gitbook/assets/kenyalaw--legislation 9.png,site-images/kenyalaw/eng/legislation 9.png,created,56011ab151329de72e4982b1951e6b28347fd850
eng/.gitbook/assets/kenyalaw--save doc 2.png,site-images/kenyalaw/eng/save doc 2.png,created,3a6eed36af465ec19625e4cae02ecd540c7b9aa7
eng/.gitbook/assets/kenyalaw--save doc 3.png,site-images/kenyalaw/eng/save doc 3.png,created,276d28a7d76392ec98c2c2cefa19c28878f9777b
eng/.gitbook/assets/kenyalaw--save doc 4.png,site-images/kenyalaw/eng/save doc 4.png,created,aa6436611f74bda4f74b44c420ed2e1e3ad87691
eng/.gitbook/assets/kenyalaw--untitled.png,site-images/kenyalaw/eng/untitled.png,created,e19cdb9882853706f99fcbbcf6fc50af88381e59
eng/.gitbook/assets/kenyalaw--year court.png,site-images/kenyalaw/eng/year court.png,created,a474d17d895cbc15177a396c31374bc3dd1c868c
eng/.gitbook/assets/lawlibrary--tz 17.png,site-images/lawlibrary/eng/tz 17.png,created,5aeda2953213fd25fb1816a32061490a899e9db7
eng/.gitbook/assets/tanzlii--9th 2.png,site-images/tanzlii/eng/9th 2.png,created,750c16b9aaea005df363eacd7759d5dd5756b0cc
eng/.gitbook/assets/tanzlii--9th 3.png,site-images/tanzlii/eng/9th 3.png,created,c8df15d2d8f28cd19e26b15af74625f60cec99a9
eng/.gitbook/assets/tanzlii--IMG_0226.jpg,site-images/tanzlii/eng/IMG_0226.jpg,created,81d38037afe6ac464e58dbb24c3ffc3c8db6c1e8
eng/.gitbook/assets/tanzlii--IMG_0226.png,site-images/tanzlii/eng/IMG_0226.png,created,30d4bc03d60aaee1a77ae06d9be67767ae178e8f
eng/.gitbook/assets/tanzlii--IMG_0227.jpg,site-images/tanzlii/eng/IMG_0227.jpg,created,101681c5c477559032cb4208e77d88f306c9c6f4
eng/.gitbook/assets/tanzlii--IMG_0227.png,site-images/tanzlii/eng/IMG_0227.png,created,dfa16e5d794580d68c4c4afe0da3a9273734869b
eng/.gitbook/assets/tanzlii--IMG_0228.jpg,site-images/tanzlii/eng/IMG_0228.jpg,created,1a89a22083d253037d57ebb175233ab0d4e6e34f
eng/.gitbook/assets/tanzlii--IMG_0228.png,site-images/tanzlii/eng/IMG_0228.png,created,d862013bd7bb96d29dff5cec556e2cc0ededce8d
eng/.gitbook/assets/tanzlii--IMG_0235 2 (2).jpg,site-images/tanzlii/eng/IMG_0235 2 (2).jpg,created,89a0dbf01c4b32fcf19a6ced994f029987cd34d4
eng/.gitbook/assets/tanzlii--IMG_0235 2 (2).png,site-images/tanzlii/eng/IMG_0235 2 (2).png,created,77881343da0a0650fb333278e55b742fc3eef5b5
eng/.gitbook/assets/tanzlii--IMG_0236 3.jpg,site-images/tanzlii/eng/IMG_0236 3.jpg,created,55566ed0632596ebd3208e073f8efe17b6ed4e2f
eng/.gitbook/assets/tanzlii--IMG_0236 3.png,site-images/tanzlii/eng/IMG_0236 3.png,created,acad1feffcd61d738160aa87cbe33a5a823fdfe2
eng/.gitbook/assets/tanzlii--IMG_0237 2.jpg,site-images/tanzlii/eng/IMG_0237 2.jpg,created,a76da0dfd8546a2b84ede40362d7bc4800f9d8ca
eng/.gitbook/assets/tanzlii--IMG_0237 2.png,site-images/tanzlii/eng/IMG_0237 2.png,created,5676271d84c11b61455f46766e5bbf1dad092708
eng/.gitbook/assets/tanzlii--LL alerts.png,site-images/tanzlii/eng/LL alerts.png,created,7ff73d56602a43bb2aa2501bf3fb66fe32a03189
eng/.gitbook/assets/tanzlii--Law Lib 10.png,site-images/tanzlii/eng/Law Lib 10.png,created,a0aafd59bc9b76c4e04912843d35b3b76f1d0ec5
eng/.gitbook/assets/tanzlii--Law Lib 7.png,site-images/tanzlii/eng/Law Lib 7.png,created,a0f857b45969850e4560660ceecf1c2863526dcc
eng/.gitbook/assets/tanzlii--Law Lib 8.png,site-images/tanzlii/eng/Law Lib 8.png,created,f9edfdf5afbf21034bc6ed9bf950e3c8a07e6668
eng/.gitbook/assets/tanzlii--Law Lib 9.png,site-images/tanzlii/eng/Law Lib 9.png,created,50d369cde959e530d3ac330c48a82286b209905b
eng/.gitbook/assets/tanzlii--Law lib 1 (1).png,site-images/tanzlii/eng/Law lib 1 (1).png,created,56f3a5e389312201f333cf429251ae420a8d605a
eng/.gitbook/assets/tanzlii--Law lib 1.png,site-images/tanzlii/eng/Law lib 1.png,created,d338108de7eba4e4a9b41dbc9f5192c1013d4795
eng/.gitbook/assets/tanzlii--Law lib 2 (1).png,site-images/tanzlii/eng/Law lib 2 (1).png,created,5a8c17fb81afeaa014a62b46099acf9cea2d08a9
eng/.gitbook/assets/tanzlii--Law lib 3 (1).png,site-images/tanzlii/eng/Law lib 3 (1).png,created,3e6cf898b85cc4a46fd54ff757e7549b3349d4aa
eng/.gitbook/assets/tanzlii--Law lib 4.png,site-images/tanzlii/eng/Law lib 4.png,created,fd53920c29de502a13f22d19c3698b5003d42ea2
eng/.gitbook/assets/tanzlii--Law lib 5.png,site-images/tanzlii/eng/Law lib 5.png,created,782b25380d6c1e750c9f01145351d4cc35f76ee8
eng/.gitbook/assets/tanzlii--Law lib 6.png,site-images/tanzlii/eng/Law lib 6.png,created,650e04698fa9648ea0cadc3ae8380c7de5e9a973
eng/.gitbook/assets/tanzlii--Save doc 1.png,site-images/tanzlii/eng/Save doc 1.png,created,bd3d9341e91111fc7525359ae96c3cfb80b3aaba
eng/.gitbook/assets/tanzlii--TOC.png,site-images/tanzlii/eng/TOC.png,created,9d4b27c282c9a4630842449625101eab20512a74
eng/.gitbook/assets/tanzlii--comments 1.png,site-images/tanzlii/eng/comments 1.png,created,7e68ff372c363e41d5f7c59b63b52aa13be79b76
eng/.gitbook/assets/tanzlii--comments 2.png,site-images/tanzlii/eng/comments 2.png,created,6346bc3e316cfc0b958a3f63cc7b97cce67b3088
eng/.gitbook/assets/tanzlii--comments 3.png,site-images/tanzlii/eng/comments 3.png,created,cd769a354a44a87dd53061f0f8ff83ac9642913e
eng/.gitbook/assets/tanzlii--follow 1.png,site-images/tanzlii/eng/follow 1.png,created,0b2685c3bb494eba1fd3574719bfdc40ed0b32de
eng/.gitbook/assets/tanzlii--follow 5.png,site-images/tanzlii/eng/follow 5.png,created,38085bea50fb025c21419e487fd84146700111aa
eng/.gitbook/assets/tanzlii--follow 6.png,site-images/tanzlii/eng/follow 6.png,created,df67b16cd72c7d4027dc31eaa6bac88d8ed4796f
eng/.gitbook/assets/tanzlii--judges.png,site-images/tanzlii/eng/judges.png,created,c43b30a656cd00c92d4aa6e03ce3db4d351f3b0e
eng/.gitbook/assets/tanzlii--legislation 1.png,site-images/tanzlii/eng/legislation 1.png,created,0dc291b3bd23a4df0c0dcc6314355c27ac196f9a
eng/.gitbook/assets/tanzlii--legislation 10.png,site-images/tanzlii/eng/legislation 10.png,created,14ce760bb9d49984c8d68b72d59c01c9e82284a2
eng/.gitbook/assets/tanzlii--legislation 2.png,site-images/tanzlii/eng/legislation 2.png,created,2e26eab0845642866a67302de8b018b8593c89b5
eng/.gitbook/assets/tanzlii--legislation 3.png,site-images/tanzlii/eng/legislation 3.png,created,803eb8bce3fe11315b7d1b6cc2960fe24f9bdc68
eng/.gitbook/assets/tanzlii--legislation 4.png,site-images/tanzlii/eng/legislation 4.png,created,5ba0e0aea43b371eb65e439d5d8fd40a87ae83c4
eng/.gitbook/assets/tanzlii--legislation 5.png,site-images/tanzlii/eng/legislation 5.png,created,fa229693eb236dd53dbf0ad9f5190cc2754ead55
eng/.gitbook/assets/tanzlii--legislation 6.png,site-images/tanzlii/eng/legislation 6.png,created,da59da3dfd53296b0c44f863a82842034d0b0ecd
eng/.gitbook/assets/tanzlii--legislation 7 (1).png,site-images/tanzlii/eng/legislation 7 (1).png,created,ae356f02c6a485143fd559135fcad19c85cc626e
eng/.gitbook/assets/tanzlii--legislation 8.png,site-images/tanzlii/eng/legislation 8.png,created,c9199ac3014494106fd3ca42d0341e6a0f954acc
eng/.gitbook/assets/tanzlii--legislation 9.png,site-images/tanzlii/eng/legislation 9.png,created,98deb2604162ccc230a50afdc91fcbd68ccd7928
eng/.gitbook/assets/tanzlii--save doc 2.png,site-images/tanzlii/eng/save doc 2.png,created,85dd476905628af5ef1c17f8aec79f79e728d490
eng/.gitbook/assets/tanzlii--save doc 3.png,site-images/tanzlii/eng/save doc 3.png,created,92d9f13e2ff7f5310d98f9c6f19423509d724b00
eng/.gitbook/assets/tanzlii--save doc 4.png,site-images/tanzlii/eng/save doc 4.png,created,649659819fe1f863e2cc0981c8ac31e07cd3ec83
eng/.gitbook/assets/tanzlii--untitled.png,site-images/tanzlii/eng/untitled.png,created,8840952522ca4dca5c3ac233509c1e42e65b00e5
eng/.gitbook/assets/tanzlii--year court.png,site-images/tanzlii/eng/year court.png,created,1fc99d6611f68b205c36686504f0e7335e68d736
eng/.gitbook/assets/ulii--9th 2.png,site-images/ulii/eng/9th 2.png,created,771bbbdf3a80b8ba2c792c33e816d552f526ac36
eng/.gitbook/assets/ulii--9th 3.png,site-images/ulii/eng/9th 3.png,created,d6f6e8e22580350d7d8d7a3157cc4deb4cf0bc9c
eng/.gitbook/assets/ulii--IMG_0226.jpg,site-images/ulii/eng/IMG_0226.jpg,created,292a39e0c79574fee1b225d5573a0605208f64c0
eng/.gitbook/assets/ulii--IMG_0227.jpg,site-images/ulii/eng/IMG_0227.jpg,created,78167bd9e21b1311705def858cedff513657a1b8
eng/.gitbook/assets/ulii--IMG_0228.jpg,site-images/ulii/eng/IMG_0228.jpg,created,e3c93d2c75766c3073aa4f595121783bb0a6c8c8
eng/.gitbook/assets/ulii--IMG_0235 2 (2).jpg,site-images/ulii/eng/IMG_0235 2 (2).jpg,created,58bdb904f2d6f2acda1fd24d45903f299d3bf681
eng/.gitbook/assets/ulii--IMG_0235 2 (2).png,site-images/ulii/eng/IMG_0235 2 (2).png,created,d0b25bc47611f9a75199838855c97e6639695a0c
eng/.gitbook/assets/ulii--IMG_0236 3.jpg,site-images/ulii/eng/IMG_0236 3.jpg,created,47fd0cf94e18e1808f0636590fa52953f844317b
eng/.gitbook/assets/ulii--IMG_0237 2.jpg,site-images/ulii/eng/IMG_0237 2.jpg,created,9db6236b15a75aa9ce08ec5e3d3cb72019a00532
eng/.gitbook/assets/ulii--LL alerts.png,site-images/ulii/eng/LL alerts.png,created,a60402fbf3c785fb59dea11ed5fc65ef37032723
eng/.gitbook/assets/ulii--Law Lib 10.png,site-images/ulii/eng/Law Lib 10.png,created,3d507a47ffc8e03aa5aaf0704c89e083e638a973
eng/.gitbook/assets/ulii--Law Lib 7.png,site-images/ulii/eng/Law Lib 7.png,created,8cc2f3c3680cb47c87027acdc373b45acca1806c
eng/.gitbook/assets/ulii--Law Lib 8.png,site-images/ulii/eng/Law Lib 8.png,created,beef1b0711b6fb48a78456e471f41b019ac003ae
eng/.gitbook/assets/ulii--Law Lib 9.png,site-images/ulii/eng/Law Lib 9.png,created,524086ff6a188923f6317d0b33691c86fd58a93b
eng/.gitbook/assets/ulii--Law lib 1 (1).png,site-images/ulii/eng/Law lib 1 (1).png,created,ef7a2f54ea8e3a4decd4ce0f5a7f545076a6ab53
eng/.gitbook/assets/ulii--Law lib 1.png,site-images/ulii/eng/Law lib 1.png,created,94bdff635190ad26e3890a59400e7aba0565c90d
eng/.gitbook/assets/ulii--Law lib 2 (1).png,site-images/ulii/eng/Law lib 2 (1).png,created,c0e1502b493095ac85a1eb252a4f442c45f8a31b
eng/.gitbook/assets/ulii--Law lib 3 (1).png,site-images/ulii/eng/Law lib 3 (1).png,created,1e3d71f5bc0871a0899627b5fc3cdc805ca27f80
eng/.gitbook/assets/ulii--Law lib 4.png,site-images/ulii/eng/Law lib 4.png,created,e84e92ce701a16b41fde78eb560998cda8f9aebf
eng/.gitbook/assets/ulii--Law lib 5.png,site-images/ulii/eng/Law lib 5.png,created,c3bd1aeb33b60be7c64eb2c0bddf726a26c9f2f2
eng/.gitbook/assets/ulii--Law lib 6.png,site-images/ulii/eng/Law lib 6.png,created,83561bac62e06299fc60648447dcac11e7678513
eng/.gitbook/assets/ulii--Save doc 1.png,site-images/ulii/eng/Save doc 1.png,created,037cfbc32d331ac3863eea91797f4008814ea63d
eng/.gitbook/assets/ulii--TOC.png,site-images/ulii/eng/TOC.png,created,ac82e6dfc944a4adddf59034394f2b3f11dbb5c8
eng/.gitbook/assets/ulii--comments 1.png,site-images/ulii/eng/comments 1.png,created,2384fcb13ba3dd7c928b14f95547cbff142e64d5
eng/.gitbook/assets/ulii--comments 2.png,site-images/ulii/eng/comments 2.png,created,9136028b4b021d3bd89a518696d0c20f95eed8fe
eng/.gitbook/assets/ulii--comments 3.png,site-images/ulii/eng/comments 3.png,created,d951c10b9bae978a202786f9f8fc0cbdd951e894
eng/.gitbook/assets/ulii--judges.png,site-images/ulii/eng/judges.png,created,ff9211ac3de16703cf6c0fe34e0efa2524d9d345
eng/.gitbook/assets/ulii--legislation 1.png,site-images/ulii/eng/legislation 1.png,created,9b7bbad9c2c19336b997b9e3a74c6e74b4debde0
eng/.gitbook/assets/ulii--legislation 10.png,site-images/ulii/eng/legislation 10.png,created,cf361599c56d92a429b0eae91c46081f7492867b
eng/.gitbook/assets/ulii--legislation 2.png,site-images/ulii/eng/legislation 2.png,created,eac798934728340c47f0019b331e25677b5b38b3
eng/.gitbook/assets/ulii--legislation 3.png,site-images/ulii/eng/legislation 3.png,created,cc36f28375f347451aa641a13ea79e3b48b86fb4
eng/.gitbook/assets/ulii--legislation 4.png,site-images/ulii/eng/legislation 4.png,created,f1fa84eb4ec336e9dfd1195c118da2a869837310
eng/.gitbook/assets/ulii--legislation 5.png,site-images/ulii/eng/legislation 5.png,created,a0673d4f9bc888f53cfe6857a13350ed0e7f9623
eng/.gitbook/assets/ulii--legislation 6.png,site-images/ulii/eng/legislation 6.png,created,cc2d4250bc978ab134e982fbdcf7d386a9d6847a
eng/.gitbook/assets/ulii--legislation 7 (1).png,site-images/ulii/eng/legislation 7 (1).png,created,4d7446ff4a5b392ede88e0d8d784877281cd459b
eng/.gitbook/assets/ulii--legislation 8.png,site-images/ulii/eng/legislation 8.png,created,f7153abdda0e6df6af15de55687b5dadae35edcb
eng/.gitbook/assets/ulii--legislation 9.png,site-images/ulii/eng/legislation 9.png,created,721b77f9a513f4d52f9be8d9557654cd6a380308
eng/.gitbook/assets/ulii--save doc 2.png,site-images/ulii/eng/save doc 2.png,created,49c5ae5db13978e249c0b44d2a7bb42e0b29e36b
eng/.gitbook/assets/ulii--save doc 3.png,site-images/ulii/eng/save doc 3.png,created,6533323c843f518634605c6e1c98332eeb925aa4
eng/.gitbook/assets/ulii--save doc 4.png,site-images/ulii/eng/save doc 4.png,created,99e8d229fca31203c45006b815b011e0efeb5cee
eng/.gitbook/assets/ulii--untitled.png,site-images/ulii/eng/untitled.png,created,dd96dd05e50af0e81385385043db047f8c97c009
eng/.gitbook/assets/ulii--year court.png,site-images/ulii/eng/year court.png,created,128b593ceed635e3f0a6df96faaa41ba759607f6
